{
  "config": {
    "function": "tanh",
    "x_range": [
      -5.0,
      5.0
    ],
    "num_entries": 10,
    "total_epochs": 40000,
    "warmup_epochs": 1000,
    "base_lr": 0.001,
    "weight_decay": 0.0001,
    "range_weight": 0.1,
    "prox_weight": 0.1,
    "device": "cpu"
  },
  "mae": 0.003421627450734377,
  "mse": 4.610465111909434e-05,
  "lookup_table": {
    "breakpoints": [
      -3.140423536300659,
      -2.1000688076019287,
      -1.429279088973999,
      -0.7576449513435364,
      -0.3013484477996826,
      0.6306483149528503,
      1.275351643562317,
      1.886070728302002,
      2.7737250328063965
    ],
    "pwl_si": [
      0.0,
      0.021842319518327713,
      0.10874038934707642,
      0.33544591069221497,
      0.8503179550170898,
      0.9543266296386719,
      0.4178577959537506,
      0.15428921580314636,
      0.03796987235546112,
      0.002035483717918396
    ],
    "pwl_ti": [
      -0.9994233250617981,
      -0.9308291673660278,
      -0.7483372688293457,
      -0.4243118166923523,
      -0.0342215895652771,
      -0.002878725528717041,
      0.3354443907737732,
      0.6715871691703796,
      0.8909733891487122,
      0.9906455874443054
    ]
  }
}