{
  "config": {
    "function": "exp",
    "x_range": [
      -8.0,
      0.0
    ],
    "num_entries": 8,
    "total_epochs": 40000,
    "warmup_epochs": 1000,
    "base_lr": 0.001,
    "weight_decay": 0.0001,
    "range_weight": 0.1,
    "prox_weight": 0.1,
    "device": "cpu"
  },
  "mae": 0.0015945896739140153,
  "mse": 4.510359303822042e-06,
  "lookup_table": {
    "breakpoints": [
      -5.546547889709473,
      -3.7103047370910645,
      -2.652141571044922,
      -1.8988440036773682,
      -1.3057308197021484,
      -0.8091984391212463,
      -0.3773225247859955
    ],
    "pwl_si": [
      0.0,
      0.010614519938826561,
      0.042623184621334076,
      0.10391932725906372,
      0.20253589749336243,
      0.3482254445552826,
      0.5532602667808533,
      0.8315209150314331
    ],
    "pwl_ti": [
      0.0014525109436362982,
      0.06032645329833031,
      0.17908835411071777,
      0.3416544198989868,
      0.5289118885993958,
      0.719143271446228,
      0.8850570917129517,
      0.9900510907173157
    ]
  }
}