{
  "config": {
    "function": "elu",
    "x_range": [
      -6.0,
      2.0
    ],
    "num_entries": 10,
    "total_epochs": 40000,
    "warmup_epochs": 1000,
    "base_lr": 0.001,
    "weight_decay": 0.0001,
    "range_weight": 0.1,
    "prox_weight": 0.1,
    "device": "cpu"
  },
  "mae": 0.0012977897422388196,
  "mse": 5.71772125113057e-06,
  "lookup_table": {
    "breakpoints": [
      -5.251133918762207,
      -3.823345899581909,
      -2.8535096645355225,
      -2.1113505363464355,
      -1.4911545515060425,
      -0.924185574054718,
      -0.3930513560771942,
      -0.06584008783102036,
      1.9466558694839478
    ],
    "pwl_si": [
      0.0,
      0.01091715507209301,
      0.03577443212270737,
      0.08380056172609329,
      0.16440123319625854,
      0.2955615520477295,
      0.5148612260818481,
      0.8408159017562866,
      0.9999837875366211,
      1.0001190900802612
    ],
    "pwl_ti": [
      -0.9964044690132141,
      -0.9390770196914673,
      -0.8440390825271606,
      -0.7069960236549377,
      -0.5368197560310364,
      -0.34123945236206055,
      -0.13856595754623413,
      -0.010448992252349854,
      3.069639205932617e-05,
      -0.00023287534713745117
    ]
  }
}