{
  "config": {
    "function": "rsqrt",
    "x_range": [
      0.25,
      4.0
    ],
    "num_entries": 16,
    "total_epochs": 40000,
    "warmup_epochs": 1000,
    "base_lr": 0.001,
    "weight_decay": 0.0001,
    "range_weight": 0.1,
    "prox_weight": 0.1,
    "device": "cpu"
  },
  "mae": 0.003399553010240197,
  "mse": 8.802062075119466e-05,
  "lookup_table": {
    "breakpoints": [
      0.2687557339668274,
      0.3878624737262726,
      0.5069831609725952,
      0.6397497653961182,
      0.7821020483970642,
      0.9013111591339111,
      1.0634737014770508,
      1.18892502784729,
      1.3105823993682861,
      1.5430601835250854,
      1.6774882078170776,
      1.8142892122268677,
      2.1369709968566895,
      2.603696584701538,
      3.220552921295166
    ],
    "pwl_si": [
      0.0,
      -2.0402421951293945,
      -2.088006019592285,
      -1.1931078433990479,
      -0.6379365921020508,
      -0.83988356590271,
      -0.42962247133255005,
      -0.41626495122909546,
      -0.41804367303848267,
      -0.2762051224708557,
      -0.24378758668899536,
      -0.22491586208343506,
      -0.1824272871017456,
      -0.13825511932373047,
      -0.10124361515045166,
      -0.07320976257324219
    ],
    "pwl_ti": [
      1.8830230236053467,
      2.431349754333496,
      2.449875593185425,
      1.996177315711975,
      1.641006588935852,
      1.7989498376846313,
      1.429176926612854,
      1.4149715900421143,
      1.417086124420166,
      1.2311952114105225,
      1.1811727285385132,
      1.1495158672332764,
      1.0724292993545532,
      0.9780347347259521,
      0.8816678524017334,
      0.7913831472396851
    ]
  }
}