{
  "config": {
    "function": "div",
    "x_range": [
      0.5,
      4.0
    ],
    "num_entries": 16,
    "total_epochs": 40000,
    "warmup_epochs": 1000,
    "base_lr": 0.001,
    "weight_decay": 0.0001,
    "range_weight": 0.1,
    "prox_weight": 0.1,
    "device": "cpu"
  },
  "mae": 0.002925355453044176,
  "mse": 7.555247429991141e-05,
  "lookup_table": {
    "breakpoints": [
      0.5175209641456604,
      0.628648042678833,
      0.7398841381072998,
      0.85123610496521,
      1.1381970643997192,
      1.3185217380523682,
      1.4570651054382324,
      1.5882645845413208,
      1.7538676261901855,
      1.8969948291778564,
      2.066535234451294,
      2.257829189300537,
      2.5300965309143066,
      2.9122722148895264,
      3.3997321128845215
    ],
    "pwl_si": [
      0.0,
      -2.4557886123657227,
      -2.4671595096588135,
      -1.784043788909912,
      -0.952523946762085,
      -0.6578736305236816,
      -0.5060088634490967,
      -0.44228267669677734,
      -0.3527095317840576,
      -0.30211326479911804,
      -0.25452920794487,
      -0.2148413360118866,
      -0.176739901304245,
      -0.13604137301445007,
      -0.10089465230703354,
      -0.07328148931264877
    ],
    "pwl_ti": [
      1.8941994905471802,
      3.165121555328369,
      3.172269821166992,
      2.6668434143066406,
      1.9590237140655518,
      1.6236536502838135,
      1.4234167337417603,
      1.3305634260177612,
      1.1882975101470947,
      1.0995582342147827,
      1.0092915296554565,
      0.9272753000259399,
      0.8412487506866455,
      0.7382774353027344,
      0.6359211206436157,
      0.5420438051223755
    ]
  }
}