{
  "config": {
    "function": "div",
    "x_range": [
      0.5,
      4.0
    ],
    "num_entries": 8,
    "total_epochs": 40000,
    "warmup_epochs": 1000,
    "base_lr": 0.001,
    "weight_decay": 0.0001,
    "range_weight": 0.1,
    "prox_weight": 0.1,
    "device": "cpu"
  },
  "mae": 0.003923426847904921,
  "mse": 3.388742698007263e-05,
  "lookup_table": {
    "breakpoints": [
      0.5175307989120483,
      0.6331258416175842,
      0.7880463600158691,
      1.0618499517440796,
      1.439481258392334,
      1.982704758644104,
      2.782602548599243
    ],
    "pwl_si": [
      0.0,
      -3.0311923027038574,
      -2.1031296253204346,
      -1.176429271697998,
      -0.6476835012435913,
      -0.34632599353790283,
      -0.17909777164459229,
      -0.08860957622528076
    ],
    "pwl_ti": [
      1.9263489246368408,
      3.495084285736084,
      2.907504081726074,
      2.1772210597991943,
      1.6157724857330322,
      1.181973934173584,
      0.850409984588623,
      0.5986175537109375
    ]
  }
}