{
  "config": {
    "function": "elu",
    "x_range": [
      -6.0,
      2.0
    ],
    "num_entries": 10,
    "total_epochs": 40000,
    "warmup_epochs": 1000,
    "base_lr": 0.001,
    "weight_decay": 0.0001,
    "range_weight": 0.1,
    "prox_weight": 0.1,
    "device": "cpu"
  },
  "best_loss": 0.0012952357064932585,
  "final_loss": 0.0013009775429964066,
  "lookup_table": {
    "breakpoints": [
      -5.2512006759643555,
      -3.8233988285064697,
      -2.8536972999572754,
      -2.111454963684082,
      -1.4914478063583374,
      -0.924222469329834,
      -0.39287760853767395,
      -0.06561816483736038,
      1.904515027999878
    ],
    "pwl_si": [
      0.0,
      0.010916057974100113,
      0.03577030450105667,
      0.08377742022275925,
      0.16435018181800842,
      0.29549598693847656,
      0.5148905515670776,
      0.841039776802063,
      0.9999899864196777,
      1.000049352645874
    ],
    "pwl_ti": [
      -0.9964035153388977,
      -0.9390811324119568,
      -0.8440533876419067,
      -0.7070556282997131,
      -0.5369299054145813,
      -0.34133273363113403,
      -0.138563334941864,
      -0.010426640510559082,
      3.3974647521972656e-06,
      -0.00010949373245239258
    ]
  }
}