{
  "config": {
    "function": "exp",
    "x_range": [
      -8.0,
      0.0
    ],
    "num_entries": 16,
    "total_epochs": 40000,
    "warmup_epochs": 1000,
    "base_lr": 0.001,
    "weight_decay": 0.0001,
    "range_weight": 0.1,
    "prox_weight": 0.1,
    "device": "cpu"
  },
  "mae": 0.0004570649180095643,
  "mse": 6.761066515537095e-07,
  "lookup_table": {
    "breakpoints": [
      -7.583192348480225,
      -6.4352126121521,
      -5.646157741546631,
      -4.982401371002197,
      -4.354306221008301,
      -3.7598671913146973,
      -3.2129557132720947,
      -2.716064214706421,
      -2.2669243812561035,
      -1.859736680984497,
      -1.4908943176269531,
      -1.153985619544983,
      -0.84127277135849,
      -0.545701265335083,
      -0.26452523469924927
    ],
    "pwl_si": [
      0.0,
      0.000935706018935889,
      0.002404573606327176,
      0.004880350548774004,
      0.009274791926145554,
      0.017166513949632645,
      0.030484318733215332,
      0.05147996172308922,
      0.08271386474370956,
      0.1270049661397934,
      0.18727827072143555,
      0.2665017247200012,
      0.36847761273384094,
      0.4993136525154114,
      0.6660111546516418,
      0.8778480887413025
    ],
    "pwl_ti": [
      0.0004164418496657163,
      0.007512080017477274,
      0.016964556649327278,
      0.030943185091018677,
      0.052838053554296494,
      0.08720102906227112,
      0.13727422058582306,
      0.20473229885101318,
      0.2895655333995819,
      0.3899701237678528,
      0.5020626187324524,
      0.6201764345169067,
      0.7378551959991455,
      0.847923994064331,
      0.9388909935951233,
      0.9949272274971008
    ]
  }
}