{
  "config": {
    "function": "hswish",
    "x_range": [
      -4.0,
      4.0
    ],
    "num_entries": 16,
    "total_epochs": 40000,
    "warmup_epochs": 1000,
    "base_lr": 0.001,
    "weight_decay": 0.0001,
    "range_weight": 0.1,
    "prox_weight": 0.1,
    "device": "cpu"
  },
  "mae": 0.002017914317548275,
  "mse": 7.286933396244422e-06,
  "lookup_table": {
    "breakpoints": [
      -3.90220046043396,
      -3.015737771987915,
      -2.5005877017974854,
      -2.0006918907165527,
      -1.498824119567871,
      -0.9996660947799683,
      -0.49783146381378174,
      1.6257376955763903e-07,
      0.49783122539520264,
      0.9996670484542847,
      1.4988319873809814,
      2.0006673336029053,
      2.5005943775177,
      3.0157275199890137,
      3.814110279083252
    ],
    "pwl_si": [
      0.0,
      -1.6713679542590398e-06,
      -0.4176523983478546,
      -0.2501034736633301,
      -0.08324505388736725,
      0.08358374238014221,
      0.25041699409484863,
      0.4172505736351013,
      0.5827494263648987,
      0.7495830059051514,
      0.916416585445404,
      1.0832500457763672,
      1.250083327293396,
      1.4176740646362305,
      0.9999998211860657,
      1.0
    ],
    "pwl_ti": [
      6.279046829149593e-07,
      -5.8941086535924114e-06,
      -1.2595311403274536,
      -0.840560257434845,
      -0.506727933883667,
      -0.25668099522590637,
      -0.08990335464477539,
      -0.006848333403468132,
      -0.006848412565886974,
      -0.0899033173918724,
      -0.2566813826560974,
      -0.5067366361618042,
      -0.8405145406723022,
      -1.259590983390808,
      6.382518336067733e-07,
      -7.700390369791421e-08
    ]
  }
}