{
  "config": {
    "function": "rsqrt",
    "x_range": [
      0.25,
      4.0
    ],
    "num_entries": 8,
    "total_epochs": 40000,
    "warmup_epochs": 1000,
    "base_lr": 0.001,
    "weight_decay": 0.0001,
    "range_weight": 0.1,
    "prox_weight": 0.1,
    "device": "cpu"
  },
  "mae": 0.0037738941609859467,
  "mse": 4.2553216189844534e-05,
  "lookup_table": {
    "breakpoints": [
      0.2687561810016632,
      0.3878205120563507,
      0.5071302056312561,
      0.8095820546150208,
      1.2056400775909424,
      1.8010133504867554,
      2.6847128868103027
    ],
    "pwl_si": [
      0.0,
      -2.5145390033721924,
      -1.973081111907959,
      -0.9229960441589355,
      -0.502104640007019,
      -0.2752038240432739,
      -0.1509789228439331,
      -0.08298075199127197
    ],
    "pwl_ti": [
      1.9143811464309692,
      2.590178966522217,
      2.38019061088562,
      1.847660779953003,
      1.5069146156311035,
      1.233353853225708,
      1.0096229314804077,
      0.8270676136016846
    ]
  }
}