{
  "config": {
    "function": "hswish",
    "x_range": [
      -4.0,
      4.0
    ],
    "num_entries": 8,
    "total_epochs": 40000,
    "warmup_epochs": 1000,
    "base_lr": 0.001,
    "weight_decay": 0.0001,
    "range_weight": 0.1,
    "prox_weight": 0.1,
    "device": "cpu"
  },
  "mae": 0.008266557939350605,
  "mse": 0.00011969828483415768,
  "lookup_table": {
    "breakpoints": [
      -3.069798469543457,
      -2.0121917724609375,
      -1.0023356676101685,
      -4.886028026618305e-09,
      1.0023366212844849,
      2.0121943950653076,
      3.0697970390319824
    ],
    "pwl_si": [
      0.0,
      -0.3403209447860718,
      -0.001835167407989502,
      0.3331664502620697,
      0.6668336987495422,
      1.001835584640503,
      1.3403220176696777,
      1.000000238418579
    ],
    "pwl_ti": [
      1.4325418185023864e-08,
      -1.044716715812683,
      -0.3636184334754944,
      -0.027834340929985046,
      -0.027834339067339897,
      -0.36361902952194214,
      -1.0447193384170532,
      -5.204860826779623e-07
    ]
  }
}