{
  "config": {
    "function": "silu",
    "x_range": [
      -8.0,
      3.0
    ],
    "num_entries": 10,
    "total_epochs": 40000,
    "warmup_epochs": 1000,
    "base_lr": 0.001,
    "weight_decay": 0.0001,
    "range_weight": 0.1,
    "prox_weight": 0.1,
    "device": "cpu"
  },
  "best_loss": 0.003391718026250601,
  "final_loss": 0.003391912439838052,
  "lookup_table": {
    "breakpoints": [
      -7.456916809082031,
      -6.026661396026611,
      -4.976925373077393,
      -4.118117332458496,
      -3.3487772941589355,
      -1.2583332061767578,
      -0.36523810029029846,
      0.42403003573417664,
      1.3024643659591675
    ],
    "pwl_si": [
      0.0,
      -0.006868920288980007,
      -0.018329858779907227,
      -0.036779969930648804,
      -0.061855122447013855,
      -0.091262586414814,
      0.13771343231201172,
      0.516706645488739,
      0.8812447786331177,
      1.0925014019012451
    ],
    "pwl_ti": [
      -0.003395636333152652,
      -0.05461660027503967,
      -0.12368781119585037,
      -0.21551263332366943,
      -0.31877508759498596,
      -0.41725412011146545,
      -0.1291259527206421,
      0.009296814911067486,
      -0.14527831971645355,
      -0.42043253779411316
    ]
  }
}