{
  "config": {
    "function": "gelu",
    "x_range": [
      -4.0,
      2.0
    ],
    "num_entries": 7,
    "total_epochs": 40000,
    "warmup_epochs": 1000,
    "base_lr": 0.001,
    "weight_decay": 0.0001,
    "range_weight": 0.1,
    "prox_weight": 0.1,
    "device": "cpu"
  },
  "best_loss": 0.002818447072058916,
  "final_loss": 0.0028184624388813972,
  "lookup_table": {
    "breakpoints": [
      -2.939924478530884,
      -2.1004366874694824,
      -0.781883955001831,
      -0.25862181186676025,
      0.2270939201116562,
      0.7672576308250427
    ],
    "pwl_si": [
      0.0,
      -0.03689265251159668,
      -0.11475685983896255,
      0.12076099961996078,
      0.48569488525390625,
      0.8627210855484009,
      1.1158782243728638
    ],
    "pwl_ti": [
      -0.0008988554473035038,
      -0.1093604639172554,
      -0.2729093134403229,
      -0.08876165747642517,
      0.005618197377771139,
      -0.08000214397907257,
      -0.2742389738559723
    ]
  }
}