{
  "config": {
    "function": "gelu",
    "x_range": [
      -4.0,
      2.0
    ],
    "num_entries": 8,
    "total_epochs": 40000,
    "warmup_epochs": 1000,
    "base_lr": 0.001,
    "weight_decay": 0.0001,
    "range_weight": 0.1,
    "prox_weight": 0.1,
    "device": "cpu"
  },
  "mae": 0.002543700160458684,
  "mse": 1.7428621504222974e-05,
  "lookup_table": {
    "breakpoints": [
      -3.215271234512329,
      -2.508977174758911,
      -1.9773229360580444,
      -0.7773171663284302,
      -0.23789702355861664,
      0.2534467577934265,
      0.7837631702423096
    ],
    "pwl_si": [
      0.0,
      -0.017324047163128853,
      -0.06007694453001022,
      -0.11667032539844513,
      0.12991482019424438,
      0.507149338722229,
      0.877419114112854,
      1.1164368391036987
    ],
    "pwl_ti": [
      -0.0005569731583818793,
      -0.05625848472118378,
      -0.1635245382785797,
      -0.275427907705307,
      -0.08375304937362671,
      0.005989896599203348,
      -0.08785378932952881,
      -0.27518707513809204
    ]
  }
}