{
  "config": {
    "function": "sigmoid",
    "x_range": [
      -8.0,
      8.0
    ],
    "num_entries": 10,
    "total_epochs": 40000,
    "warmup_epochs": 1000,
    "base_lr": 0.001,
    "weight_decay": 0.0001,
    "range_weight": 0.0,
    "prox_weight": 0.1,
    "device": "cpu"
  },
  "best_loss": 0.0015844452427700162,
  "final_loss": 0.0015845107845962048,
  "lookup_table": {
    "breakpoints": [
      -5.8882527351379395,
      -3.9516549110412598,
      -2.667861223220825,
      -1.5791451930999756,
      -0.7713250517845154,
      1.1521419286727905,
      2.352539539337158,
      3.564138889312744,
      5.107362270355225
    ],
    "pwl_si": [
      0.0,
      0.007380934432148933,
      0.03363857790827751,
      0.09423907846212387,
      0.18920406699180603,
      0.23996883630752563,
      0.12144213914871216,
      0.04552337899804115,
      0.012713082134723663,
      0.0015286430716514587
    ],
    "pwl_ti": [
      0.0009516648715361953,
      0.04441247135400772,
      0.14817361533641815,
      0.309847354888916,
      0.45981085300445557,
      0.4989669919013977,
      0.6355265378952026,
      0.8141283988952637,
      0.9310688972473145,
      0.9881918430328369
    ]
  }
}