{
  "config": {
    "function": "tanh",
    "x_range": [
      -8.0,
      3.0
    ],
    "num_entries": 10,
    "total_epochs": 40000,
    "warmup_epochs": 1000,
    "base_lr": 0.001,
    "weight_decay": 0.0001,
    "range_weight": 0.1,
    "prox_weight": 0.1,
    "device": "cpu"
  },
  "best_loss": 0.0031889034435153008,
  "final_loss": 0.003188950940966606,
  "lookup_table": {
    "breakpoints": [
      -3.7690837383270264,
      -2.6736719608306885,
      -2.033998727798462,
      -1.5589338541030884,
      -1.1658649444580078,
      -0.8129416108131409,
      -0.4628731608390808,
      0.656435489654541,
      1.4877959489822388
    ],
    "pwl_si": [
      0.0,
      0.006671265698969364,
      0.035819072276353836,
      0.10425275564193726,
      0.23070240020751953,
      0.424986869096756,
      0.680849015712738,
      0.9476659893989563,
      0.3796476125717163,
      0.047850072383880615
    ],
    "pwl_ti": [
      -0.9999836683273315,
      -0.9748390913009644,
      -0.8969074487686157,
      -0.7577134370803833,
      -0.5605868101119995,
      -0.3340773582458496,
      -0.126076340675354,
      -0.0025739669799804688,
      0.3702934980392456,
      0.8639403581619263
    ]
  }
}