{
  "config": {
    "function": "gelu",
    "x_range": [
      -4.0,
      4.0
    ],
    "num_entries": 8,
    "total_epochs": 40000,
    "warmup_epochs": 1000,
    "base_lr": 0.001,
    "weight_decay": 0.0001,
    "range_weight": 0.1,
    "prox_weight": 0.1,
    "device": "cpu"
  },
  "mae": 0.003639636095613241,
  "mse": 3.241681770305149e-05,
  "lookup_table": {
    "breakpoints": [
      -2.9815852642059326,
      -2.203066110610962,
      -0.6395412683486938,
      -0.006392330396920443,
      0.631921112537384,
      2.1771492958068848,
      2.7959697246551514
    ],
    "pwl_si": [
      0.0,
      -0.0327085480093956,
      -0.10402490198612213,
      0.25479841232299805,
      0.73658686876297,
      1.103761911392212,
      1.0395429134368896,
      1.0050652027130127
    ],
    "pwl_ti": [
      -0.001274561625905335,
      -0.09879788756370544,
      -0.25591251254081726,
      -0.026430195197463036,
      -0.023350443691015244,
      -0.2553761601448059,
      -0.11556169390678406,
      -0.01916297897696495
    ]
  }
}