{
  "config": {
    "function": "gelu",
    "x_range": [
      -4.0,
      4.0
    ],
    "num_entries": 16,
    "total_epochs": 40000,
    "warmup_epochs": 1000,
    "base_lr": 0.001,
    "weight_decay": 0.0001,
    "range_weight": 0.1,
    "prox_weight": 0.1,
    "device": "cpu"
  },
  "mae": 0.0013626766158267856,
  "mse": 5.129201326781185e-06,
  "lookup_table": {
    "breakpoints": [
      -3.466583251953125,
      -2.886009454727173,
      -2.4711062908172607,
      -2.0808346271514893,
      -1.8093093633651733,
      -0.8482662439346313,
      -0.3983471095561981,
      0.00017381708312314004,
      0.398218035697937,
      0.8480899930000305,
      1.7783085107803345,
      2.0523195266723633,
      2.4000742435455322,
      2.7537243366241455,
      3.2073936462402344
    ],
    "pwl_si": [
      0.0,
      -0.007782748434692621,
      -0.025950437411665916,
      -0.05588173866271973,
      -0.09880593419075012,
      -0.11643226444721222,
      0.06448681652545929,
      0.343654066324234,
      0.6566085815429688,
      0.9351385235786438,
      1.1165869235992432,
      1.101982593536377,
      1.0603832006454468,
      1.0323090553283691,
      1.0128169059753418,
      1.0023044347763062
    ],
    "pwl_ti": [
      -0.0004053528537042439,
      -0.02738489769399166,
      -0.0798170268535614,
      -0.15378046035766602,
      -0.24309863150119781,
      -0.2749900817871094,
      -0.12152255326509476,
      -0.010317075997591019,
      -0.010371502488851547,
      -0.12128710746765137,
      -0.27517169713974,
      -0.24920043349266052,
      -0.16382530331611633,
      -0.09644526243209839,
      -0.04276972636580467,
      -0.009051736444234848
    ]
  }
}